Sl.NO.,PLAYER NAME,L25,B25-35,A35,Country,Team,PLAYING ROLE,BAT,BOW,ALL,BAT*SR,BOW*ECO,BOW*SR-BL,BAT*RUN-S,BOW*WK-I,BAT*T-RUNS,BAT*ODI-RUNS,BOW*WK-O,T-RUNS,T-WKTS,ODI-RUNS,ODI-SR-B,ODI-WKTS,ODI-SR-BL,CAPTAINCY EXP,INDIA,AUSTRALIA,OTHERS,ALL*SR-B,ALL*SR-BL,ALL*ECON,RUNS-S,HS ,AVE,SR -B,SIXERS,RUNS-C,WKTS,AVE-BL,ECON,SR -BL,Year,Year_Dummy,Base Price,Sold Price,S_B Price,SQRT(S-B),ln(SP)
1,"Abdulla, YA",0,1,0,SA,KXIP,Allrounder,0,0,1,0,0,0,0,0,0,0,0,0,0,0,0,0,0,0,0,0,1,0,13.93333333,8.898550725,0,0,0,0,0,307,15,20.46666667,8.898550725,13.93333333,2009,0,50000,50000,0,0,10.82
2,Abdur Razzak,0,1,0,BAN,RCB,Bowler,0,1,0,0,14.5,0,0,0,0,0,185,214,18,657,71.41,185,37.6,0,0,0,1,0,0,0,0,0,0,0,0,29,0,0,14.5,0,2008,0,50000,50000,0,0,10.82
3,"Agarkar, AB",0,1,0,IND,KKR,Bowler,0,1,0,0,8.81031614,24.89655172,0,29,0,0,288,571,58,1269,80.62,288,32.9,0,1,0,0,0,0,0,167,39,18.55555556,121.0144928,5,1059,29,36.51724138,8.81031614,24.89655172,2008,0,200000,350000,150000,387.3,12.77
4,"Ashwin, R",0,1,0,IND,CSK,Bowler,0,1,0,0,6.232686981,22.14285714,0,49,0,0,51,284,31,241,84.56,51,36.8,0,1,0,0,0,0,0,58,11,5.8,76.31578947,0,1125,49,22.95918367,6.232686981,22.14285714,2011,1,100000,850000,750000,866.03,13.65
5,"Badrinath, S",0,1,0,IND,CSK,Batsman,1,0,0,120.7149404,0,0,1317,0,63,79,0,63,0,79,45.93,0,0,0,1,0,0,0,0,0,1317,71,32.925,120.7149404,28,0,0,0,0,0,2011,1,100000,800000,700000,836.66,13.59
6,"Bailey, GJ",0,1,0,AUS,CSK,Batsman,1,0,0,95.45454545,0,0,63,0,0,172,0,0,0,172,72.26,0,0,1,0,1,0,0,0,0,63,48,21,95.45454545,0,0,0,0,0,0,2009,0,50000,50000,0,0,10.82
7,"Balaji, L",0,1,0,IND,CSK+,Bowler,0,1,0,0,7.983343248,19.40384615,0,52,0,0,34,51,27,120,78.94,34,42.5,0,1,0,0,0,0,0,26,15,4.333333333,72.22222222,1,1342,52,25.80769231,7.983343248,19.40384615,2011,1,100000,500000,400000,632.46,13.12
8,"Bollinger, DE",0,1,0,AUS,CSK,Bowler,0,1,0,0,7.21875,15.56756757,0,37,0,0,62,54,50,50,92.59,62,31.3,0,0,1,0,0,0,0,21,16,21,165.88,1,693,37,18.72972973,7.21875,15.56756757,2011,1,200000,700000,500000,707.11,13.46
9,"Botha, J",0,1,0,SA,RR,Allrounder,0,0,1,0,0,0,0,0,0,0,0,83,17,609,85.77,72,53,1,0,0,1,114.7260274,28.10526316,6.853932584,335,67,30.45454545,114.7260274,3,610,19,32.10526316,6.853932584,28.10526316,2011,1,200000,950000,750000,866.03,13.76
10,"Boucher, MV",0,1,0,SA,RCB+,Batsman,1,0,0,127.5080906,0,0,394,0,5515,4686,0,5515,1,4686,84.76,0,0,1,0,0,1,0,0,0,394,50,28.14285714,127.5080906,13,0,0,0,0,0,2008,0,200000,450000,250000,500,13.02
11,"Bravo, DJ",0,1,0,WI,MI+,Allrounder,0,0,1,0,0,0,0,0,0,0,0,2200,86,2004,81.39,142,34.1,0,0,0,1,127.1212121,21.10638298,8.118932039,839,70,27.96666667,127.1212121,38,1338,47,28.46808511,8.118932039,21.10638298,2011,1,200000,200000,0,0,12.21
12,"Chanderpaul, S",0,0,1,WI,RCB,Batsman,1,0,0,80.64,0,0,25,0,9918,8778,0,9918,9,8778,70.74,14,52.8,1,0,0,1,0,0,0,25,16,8.33,80.64,0,0,0,0,0,0,2008,0,200000,200000,0,0,12.21
13,"Chawla, PP",1,0,0,IND,KXIP,Allrounder,0,0,1,0,0,0,0,0,0,0,0,5,3,38,65.51,32,41,0,1,0,0,113.0872483,100.2,38.11,337,24,13.48,113.0872483,9,1819,73,126.3,38.11,100.2,2008,0,125000,400000,275000,524.4,12.9
14,"de Villiers, AB",0,1,0,SA,DD+,Batsman,1,0,0,128.5291214,0,0,1302,0,5457,4998,0,5457,2,4998,93.19,0,0,1,0,0,1,0,0,0,1302,105,34.26315789,128.5291214,42,0,0,0,0,0,2008,0,200000,300000,100000,316.23,12.61
15,"Dhawan, S",0,1,0,IND,MI+,Batsman,1,0,0,122.319301,0,0,1540,0,0,69,0,0,0,69,56.09,0,0,0,1,0,0,0,0,0,1540,95,31.42857143,122.319301,36,66,4,16.5,8.25,12,2011,1,100000,300000,200000,447.21,12.61
16,"Dhoni, MS",0,1,0,IND,CSK,Batsman,1,0,0,136.4471669,0,0,1782,0,3509,6773,0,3509,0,6773,88.19,1,12,1,1,0,0,0,0,0,1782,70,37.125,136.4471669,64,0,0,0,0,0,2008,0,400000,1500000,1100000,1048.81,14.22
17,"Dilshan, TM",0,1,0,SL,DD+,Allrounder,0,0,1,0,0,0,0,0,0,0,0,4722,32,6455,86.8,67,58.3,1,0,0,1,117.833698,53,8.072562358,1077,76,28.34210526,117.833698,24,356,5,71.2,8.072562358,53,2008,0,150000,250000,100000,316.23,12.43
18,"Dinda, AB",0,1,0,IND,KKR+,Bowler,0,1,0,0,7.285601888,21.19444444,0,36,0,0,5,0,0,18,60,5,61.4,0,1,0,0,0,0,0,6,2,1,33.33333333,0,926,36,25.72222222,7.285601888,21.19444444,2011,1,100000,375000,275000,524.4,12.83
19,"Dravid, RS",0,0,1,IND,RCB+,Batsman,1,0,0,116.8840082,0,0,1703,0,13288,10889,0,13288,1,10889,71.24,4,46.5,1,1,0,0,0,0,0,1703,75,27.91803279,116.8840082,23,0,0,0,0,0,2011,1,400000,500000,100000,316.23,13.12
20,"Duminy, J-P",0,1,0,SA,MI+,Batsman,1,0,0,119.2682927,0,0,978,0,654,2536,0,654,11,2536,84,25,47.6,0,0,0,1,0,0,0,978,74,36.22222222,119.2682927,35,377,10,37.7,7.113207547,31.8,2009,0,300000,300000,0,0,12.61
21,"Edwards, FH",0,1,0,WI,DC,Bowler,0,1,0,0,6.6,28,0,5,0,0,60,380,157,73,45.62,60,35.6,0,0,0,1,0,0,0,4,3,4,80,0,154,5,30.8,6.6,28,2009,0,150000,150000,0,0,11.92
22,"Fernando, CRD",0,1,0,SL,MI,Bowler,0,1,0,0,7.641025641,13.76470588,0,17,0,0,187,249,97,239,60.96,187,34.7,0,0,0,1,0,0,0,4,2,0,133.3333333,0,298,17,17.52941176,7.641025641,13.76470588,2008,0,150000,150000,0,0,11.92
23,"Fleming, SP",0,0,1,NZ,CSK,Batsman,1,0,0,118.78,0,0,196,0,7172,8037,0,7172,0,8037,71.49,1,29,1,0,0,1,0,0,0,196,45,21.77,118.78,3,0,0,0,0,0,2008,0,350000,350000,0,0,12.77
24,"Flintoff, A",0,1,0,ENG,CSK,Allrounder,0,0,1,0,0,0,0,0,0,0,0,3845,226,3394,88.82,169,33.2,1,0,0,1,116.98,33,9.545454545,62,24,31,116.98,2,105,2,52.5,9.545454545,33,2009,0,950000,1550000,600000,774.6,14.25
25,"Gambhir, G",0,1,0,IND,DD+,Batsman,1,0,0,128.9013733,0,0,2065,0,3712,4819,0,3712,0,4819,86.17,0,0,1,1,0,0,0,0,0,2065,93,33.30645161,128.9013733,32,0,0,0,0,0,2008,0,220000,725000,505000,710.63,13.49
26,"Ganguly, SC",0,0,1,IND,KKR+,Batsman,1,0,0,106.8091845,0,0,1349,0,7212,11363,0,7212,32,11363,73.7,100,45.6,1,1,0,0,0,0,0,1349,91,25.45283019,106.8091845,42,363,10,36.3,7.891304348,27.6,2011,1,200000,400000,200000,447.21,12.9
27,"Gayle, CH",0,1,0,WI,KKR+,Allrounder,0,0,1,0,0,0,0,0,0,0,0,6373,72,8087,83.95,156,44.4,1,0,0,1,161.793722,34.84615385,8.047808765,1804,128,50.11111111,161.793722,129,606,13,46.61538462,8.047808765,34.84615385,2008,0,250000,800000,550000,741.62,13.59
28,"Gibbs, HH",0,0,1,SA,DC,Batsman,1,0,0,109.7893432,0,0,886,0,6167,8094,0,6167,0,8094,83.26,0,0,1,0,0,1,0,0,0,886,69,27.6875,109.7893432,31,0,0,0,0,0,2008,0,250000,575000,325000,570.09,13.26
29,"Gilchrist, AC",0,0,1,AUS,DC+,Batsman,1,0,0,140.2053712,0,0,1775,0,5570,9619,0,5570,0,9619,96.94,0,0,1,0,1,0,0,0,0,1775,109,27.734375,140.2053712,86,0,0,0,0,0,2008,0,300000,700000,400000,632.46,13.46
30,"Gony, MS",0,1,0,IND,CSK+,Bowler,0,1,0,0,8.466101695,23.6,0,30,0,0,2,0,0,0,0,2,39,0,1,0,0,0,0,0,54,15,9,117.3913043,5,999,30,33.3,8.466101695,23.6,2011,1,50000,290000,240000,489.9,12.58
31,Harbhajan Singh,0,1,0,IND,MI,Bowler,0,1,0,0,6.854876342,23.83333333,0,54,0,0,259,2164,406,1190,80.51,259,46.5,1,1,0,0,0,0,0,430,49,16.53846154,151.4084507,22,1469,54,27.2037037,6.854876342,23.83333333,2008,0,250000,850000,600000,774.6,13.65
32,"Harris, RJ",0,1,0,AUS,DC+,Bowler,0,1,0,0,7.713607595,17.27272727,0,44,0,0,44,199,46,48,100,44,23.4,0,0,1,0,0,0,0,115,17,10.45454545,107.4766355,3,975,44,22.15909091,7.713607595,17.27272727,2011,1,200000,325000,125000,353.55,12.69
33,"Hayden, ML",0,0,1,AUS,CSK,Batsman,1,0,0,137.515528,0,0,1107,0,8625,6133,0,8625,0,6133,78.96,0,0,0,0,1,0,0,0,0,1107,93,36.9,137.515528,44,0,0,0,0,0,2008,0,225000,375000,150000,387.3,12.83
34,"Henderson, T",0,0,1,SA,RR,Allrounder,0,0,1,0,0,0,0,0,0,0,0,0,0,0,0,0,0,0,0,0,1,68.75,36,6.66,11,11,5.5,68.75,1,40,1,40,6.66,36,2009,0,100000,650000,550000,741.62,13.38
35,"Henriques, MC",0,1,0,AUS,KKR+,Allrounder,0,0,1,0,0,0,0,0,0,0,0,0,0,18,60,1,90,0,0,1,0,108.8888889,32.33333333,8.819875776,49,30,16.33333333,108.8888889,1,142,3,47.33333333,8.819875776,32.33333333,2011,1,50000,50000,0,0,10.82
36,"Hodge, BJ",0,0,1,AUS,KKR+,Batsman,1,0,0,121.4975845,0,0,1006,0,503,575,0,503,0,575,87.51,1,66,0,0,1,0,0,0,0,1006,73,31.4375,121.4975845,28,300,17,17.64705882,7.894736842,13.41176471,2011,1,200000,425000,225000,474.34,12.96
37,"Hopes, JR",0,1,0,AUS,KXIP,Allrounder,0,0,1,0,0,0,0,0,0,0,0,0,0,1326,93.71,67,47.1,0,0,1,0,136.2745098,25.71428571,9.133333333,417,71,26.0625,136.2745098,11,548,14,39.14285714,9.133333333,25.71428571,2011,1,200000,350000,150000,387.3,12.77
38,"Hussey, DJ",0,1,0,AUS,KKR+,Allrounder,0,0,1,0,0,0,0,0,0,0,0,0,0,1488,91.4,18,36.2,0,0,1,0,125.7772021,39,8.846153846,971,71,26.24324324,125.7772021,48,345,6,57.5,8.846153846,39,2008,0,100000,625000,525000,724.57,13.35
39,"Hussey, MEK",0,0,1,AUS,CSK,Batsman,1,0,0,120.6549118,0,0,958,0,5708,5262,0,5708,7,5262,86.97,2,117,1,0,1,0,0,0,0,958,116,39.91666667,120.6549118,25,0,0,0,0,0,2008,0,250000,250000,0,0,12.43
40,"Jadeja, RA",1,0,0,IND,RR+,Allrounder,0,0,1,0,0,0,0,0,0,0,0,0,0,860,78.61,57,46.2,0,1,0,0,120.855615,23.65384615,7.331378299,904,48,23.17948718,120.855615,35,750,26,28.84615385,7.331378299,23.65384615,2011,1,100000,950000,850000,921.95,13.76
41,"Jaffer, W",0,1,0,IND,RCB,Allrounder,0,0,1,0,0,0,0,0,0,0,0,1944,2,10,43.47,0,0,0,1,0,0,107.4380165,0,0,130,50,16.25,107.4380165,3,0,0,0,0,0,2008,0,150000,150000,0,0,11.92
42,"Jayasuriya, ST",0,0,1,SL,MI,Allrounder,0,0,1,0,0,0,0,0,0,0,0,6973,98,13430,91.21,323,46,1,0,0,1,144.3609023,22.61538462,7.959183673,768,114,27.42857143,144.3609023,39,390,13,30,7.959183673,22.61538462,2008,0,250000,975000,725000,851.47,13.79
43,"Jayawardena, DPMD",0,1,0,SL,KXIP+,Batsman,1,0,0,128.024369,0,0,1471,0,10440,10596,0,10440,6,10596,78.08,7,83.1,1,0,0,1,0,0,0,1471,110,30.64583333,128.024369,33,0,0,0,0,0,2008,0,250000,475000,225000,474.34,13.07
44,"Kaif, M",0,1,0,IND,RR+,Batsman,1,0,0,103.6,0,0,259,0,624,2753,0,624,0,2753,72.03,0,0,0,1,0,0,0,0,0,259,34,14.38888889,103.6,6,0,0,0,0,0,2008,0,125000,675000,550000,741.62,13.42
45,"Kallis, JH",0,0,1,SA,RCB,Allrounder,0,0,1,0,0,0,0,0,0,0,0,12379,276,11498,72.97,270,39.3,1,0,0,1,110.9542631,28.71111111,7.960037175,1965,89,30.703125,110.9542631,37,1713,45,38.06666667,7.960037175,28.71111111,2008,0,225000,900000,675000,821.58,13.71
46,Kamran Akmal,0,1,0,PAK,RR,Batsman,1,0,0,164.1,0,0,128,0,2648,2924,0,2648,0,2924,84.31,0,0,0,0,0,1,0,0,0,128,53,25.6,164.1,8,0,0,0,0,0,2008,0,150000,150000,0,0,11.92
47,Kamran Khan,1,0,0,IND,RR+,Bowler,0,1,0,0,8.484848485,17.77777778,0,9,0,0,0,0,0,0,0,0,0,0,1,0,0,0,0,0,3,3,3,60,0,224,9,24.88888889,8.484848485,17.77777778,2009,0,20000,24000,4000,63.25,10.09
48,"Karthik, KD",0,1,0,IND,DD+,Batsman,1,0,0,123.8430584,0,0,1231,0,1000,1008,0,1000,0,1008,74.5,0,0,0,1,0,0,0,0,0,1231,69,24.1372549,123.8430584,28,0,0,0,0,0,2008,0,200000,525000,325000,570.09,13.17
49,"Kartik, M",0,1,0,IND,KKR+,Bowler,0,1,0,0,7.015235457,41.33333333,0,21,0,0,37,88,24,126,70.78,37,51.5,0,1,0,0,0,0,0,111,21,18.5,105.7142857,1,1013,21,48.23809524,7.015235457,41.33333333,2008,0,200000,425000,225000,474.34,12.96
50,"Katich, SM",0,0,1,AUS,KXIP,Batsman,1,0,0,129.5698925,0,0,241,0,4188,1324,0,4188,21,1324,68.74,0,0,0,0,1,0,0,0,0,241,75,24.1,129.5698925,8,0,0,0,0,0,2008,0,200000,200000,0,0,12.21
51,"Kohli, V",1,0,0,IND,RCB,Batsman,1,0,0,119.286754,0,0,1639,0,491,3590,0,491,0,3590,86.31,2,137,1,1,0,0,0,0,0,1639,73,28.25862069,119.286754,49,345,4,86.25,8.84,58.5,2011,1,150000,1800000,1650000,1284.52,14.4
52,"Kumar, P",0,1,0,IND,RCB+,Bowler,0,1,0,0,7.73166801,28.11320755,0,53,0,0,77,149,27,292,88.21,77,42.1,0,1,0,0,0,0,0,243,34,10.56521739,114.084507,14,1919,53,36.20754717,7.73166801,28.11320755,2011,1,200000,800000,600000,774.6,13.59
53,"Kumble, A",0,0,1,IND,RCB,Bowler,0,1,0,0,9.545454545,33,0,2,0,0,337,2506,619,938,61.06,337,43,1,1,0,0,0,0,0,35,8,11.66666667,74.46808511,0,105,2,52.5,9.545454545,33,2008,0,250000,500000,250000,500,13.12
54,"Langeveldt, CK",0,0,1,SA,KKR+,Bowler,0,1,0,0,7.192307692,12,0,13,0,0,100,16,16,73,58.87,100,34.8,0,0,0,1,0,0,0,8,8,4,88.88888889,1,187,13,14.38461538,7.192307692,12,2011,1,100000,140000,40000,200,11.85
55,"Laxman, VVS",0,0,1,IND,DC+,Batsman,1,0,0,105.6179775,0,0,282,0,8781,2338,0,8781,2,2338,71.23,0,0,1,1,0,0,0,0,0,282,52,15.66666667,105.6179775,5,0,0,0,0,0,2008,0,150000,375000,225000,474.34,12.83
56,"Lee, B",0,1,0,AUS,KXI+,Bowler,0,1,0,0,7.558052434,38.23809524,0,21,0,0,377,1451,310,1100,82.45,377,29.2,0,0,1,0,0,0,0,103,25,11.44444444,121.1764706,6,1009,21,48.04761905,7.558052434,38.23809524,2008,0,300000,900000,600000,774.6,13.71
57,"Maharoof, MF",0,1,0,SL,DD,Allrounder,0,0,1,0,0,0,0,0,0,0,0,556,25,1042,84.44,133,33.3,0,0,0,1,143.902439,15.55555556,7.428571429,177,39,17.7,143.902439,9,520,27,19.25925926,7.428571429,15.55555556,2008,0,150000,225000,75000,273.86,12.32
58,"Malinga, SL",0,1,0,SL,MI,Bowler,0,1,0,0,6.3640553,15.68674699,0,83,0,0,185,275,101,327,73.81,185,31.1,0,0,0,1,0,0,0,64,17,5.818181818,100,4,1381,83,16.63855422,6.3640553,15.68674699,2008,0,200000,350000,150000,387.3,12.77
59,"Mascarenhas, AD",0,1,0,ENG,RR+,Allrounder,0,0,1,0,0,0,0,0,0,0,0,0,0,245,95.33,13,63.2,0,0,0,1,101.369863,14.94736842,7.012711864,74,27,8.222222222,101.369863,1,331,19,17.42105263,7.012711864,14.94736842,2011,1,100000,100000,0,0,11.51
60,"Mathews, AD",0,1,0,SL,KKR+,Allrounder,0,0,1,0,0,0,0,0,0,0,0,1219,7,1447,82.59,42,43,0,0,0,1,123.2786885,26.33333333,8.198473282,376,65,25.06666667,123.2786885,12,537,15,35.8,8.198473282,26.33333333,2011,1,300000,950000,650000,806.23,13.76
61,"McCullum, BB",0,1,0,NZ,KKR+,Batsman,1,0,0,123.4234234,0,0,1233,0,3763,4511,0,3763,0,4511,89.62,0,0,1,0,0,1,0,0,0,1233,158,28.02272727,123.4234234,48,0,0,0,0,0,2008,0,175000,700000,525000,724.57,13.46
62,"McDonald, AB",0,1,0,AUS,DD+,Allrounder,0,0,1,0,0,0,0,0,0,0,0,107,9,0,0,0,0,0,0,1,0,125.5102041,17.4,8.413793103,123,33,30.75,125.5102041,4,244,10,24.4,8.413793103,17.4,2011,1,50000,80000,30000,173.21,11.29
63,"McGrath, GD",0,0,1,AUS,DD,Bowler,0,1,0,0,6.61,27,0,12,0,0,381,641,563,115,48.72,381,34,0,0,1,0,0,0,0,4,4,4,80,0,357,12,29.75,6.61,27,2008,0,350000,350000,0,0,12.77
64,Misbah-ul-Haq,0,0,1,PAK,RCB,Batsman,1,0,0,144.44,0,0,117,0,2173,2763,0,2173,0,2763,75.1,0,0,1,0,0,1,0,0,0,117,47,16.71,144.44,6,0,0,0,0,0,2010,0,100000,100000,0,0,11.51
65,"Mishra, A",0,1,0,IND,DD+,Bowler,0,1,0,0,7.109665428,17.45945946,0,74,0,0,19,392,43,5,27.77,19,40.1,0,1,0,0,0,0,0,186,31,10.94117647,102.1978022,3,1530,74,20.67567568,7.109665428,17.45945946,2011,1,100000,300000,200000,447.21,12.61
66,"Mithun, A",1,0,0,IND,RCB,Bowler,0,1,0,0,9.886363636,44,0,6,0,0,3,120,9,51,92.72,3,60,0,1,0,0,0,0,0,32,11,8,133.3333333,1,435,6,72.5,9.886363636,44,2011,1,100000,260000,160000,400,12.47
67,Mohammad Asif,0,1,0,PAK,DD,Bowler,0,1,0,0,9.25,24,0,8,0,0,46,141,106,34,34,46,42.1,0,0,0,1,0,0,0,3,3,1.5,50,0,296,8,37,9.25,24,2008,0,225000,650000,425000,651.92,13.38
68,"Morkel, JA",0,1,0,SA,CSK,Allrounder,0,0,1,0,0,0,0,0,0,0,0,58,1,782,100.25,50,41.4,0,0,0,1,146.2546816,20.01449275,8.252933507,781,71,24.40625,146.2546816,45,1899,69,27.52173913,8.252933507,20.01449275,2008,0,225000,675000,450000,670.82,13.42
69,"Morkel, M",1,0,0,SA,RR+,Bowler,0,1,0,0,7.366666667,18.94736842,0,38,0,0,94,555,139,117,75.97,94,28.5,0,0,0,1,0,0,0,60,16,10,111.1111111,2,884,38,23.26315789,7.366666667,18.94736842,2011,1,100000,475000,375000,612.37,13.07
70,"Muralitharan, M",0,0,1,SL,CSK+,Bowler,0,1,0,0,6.488372093,22.63157895,0,57,0,0,534,1261,800,674,77.56,534,35.2,0,0,0,1,0,0,0,20,6,3.333333333,66.66666667,0,1395,57,24.47368421,6.488372093,22.63157895,2008,0,250000,600000,350000,591.61,13.3
71,"Nannes, DP",0,0,1,AUS,DD+,Bowler,0,1,0,0,7.173913043,21.91666667,0,24,0,0,1,0,0,1,50,1,42,0,0,1,0,0,0,0,4,3,4,30.76923077,0,627,24,26.125,7.173913043,21.91666667,2011,1,200000,650000,450000,670.82,13.38
72,"Nayar, AM",0,1,0,IND,MI+,Allrounder,0,0,1,0,0,0,0,0,0,0,0,0,0,0,0,0,0,0,1,0,0,123.1947484,25.85714286,8.737541528,563,35,19.4137931,123.1947484,19,263,7,37.57142857,8.737541528,25.85714286,2011,1,50000,800000,750000,866.03,13.59
73,"Nehra, A",0,1,0,IND,DD+,Bowler,0,1,0,0,7.568253968,19.72916667,0,48,0,0,157,77,44,141,57.31,157,36.6,0,1,0,0,0,0,0,38,22,19,82.60869565,1,1192,48,24.83333333,7.568253968,19.72916667,2011,1,200000,850000,650000,806.23,13.65
74,"Noffke, AA",0,0,1,AUS,RCB,Allrounder,0,0,1,0,0,0,0,0,0,0,0,0,0,0,0,1,54,0,0,1,0,90,24,10,9,9,9,90,0,40,1,40,10,24,2010,0,20000,20000,0,0,9.9
75,"Ntini, M",0,1,0,SA,CSK,Bowler,0,1,0,0,6.91,30,0,7,0,0,266,699,390,199,66.77,266,32.6,0,0,0,1,0,0,0,11,11,11,61.11,0,242,7,34.57,6.91,30,2008,0,200000,200000,0,0,12.21
76,"Ojha, NV",0,1,0,IND,RR+,Batsman,1,0,0,117.9361179,0,0,960,0,0,1,0,0,0,1,14.28,0,0,0,1,0,0,0,0,0,960,94,22.3255814,117.9361179,50,0,0,0,0,0,2011,1,100000,270000,170000,412.31,12.51
77,"Ojha, PP",0,1,0,IND,DC+,Bowler,0,1,0,0,7.163350301,18.79710145,0,69,0,0,20,70,62,41,43.61,20,41.7,0,1,0,0,0,0,0,10,3,1,30.3030303,0,1548,69,22.43478261,7.163350301,18.79710145,2011,1,200000,500000,300000,547.72,13.12
78,"Oram, JDP",0,1,0,NZ,CSK+,Allrounder,0,0,1,0,0,0,0,0,0,0,0,1780,60,2377,87.16,168,39.7,0,0,0,1,98.14814815,23.66666667,9.263456091,106,41,13.25,98.14814815,5,327,9,36.33333333,9.263456091,23.66666667,2008,0,200000,675000,475000,689.2,13.42
79,Pankaj Singh,0,1,0,IND,RCB+,Bowler,0,1,0,0,9.36,27.27272727,0,11,0,0,0,0,0,3,100,0,0,0,1,0,0,0,0,0,7,4,3.5,58.33333333,0,468,11,42.54545455,9.36,27.27272727,2011,1,50000,95000,45000,212.13,11.46
80,"Patel, MM",0,1,0,IND,RR+,Bowler,0,1,0,0,7.390663391,17.47142857,0,70,0,0,86,60,35,74,66.07,86,36.6,0,1,0,0,0,0,0,39,23,7.8,235.49,0,1504,70,21.48571429,7.390663391,17.47142857,2008,0,100000,275000,175000,418.33,12.52
81,"Patel, PA",0,1,0,IND,CSK+,Batsman,1,0,0,107.2941176,0,0,912,0,683,736,0,683,0,736,76.5,0,0,0,1,0,0,0,0,0,912,57,20.26666667,107.2941176,13,0,0,0,0,0,2008,0,150000,325000,175000,418.33,12.69
82,"Pathan, IK",0,1,0,IND,KXIP+,Allrounder,0,0,1,0,0,0,0,0,0,0,0,1105,100,1468,78.96,165,34,0,1,0,0,128.3149171,23.22727273,7.735996866,929,60,23.82051282,128.3149171,34,1975,66,29.92424242,7.735996866,23.22727273,2008,0,200000,925000,725000,851.47,13.74
83,"Pathan, YK",0,1,0,IND,RR+,Allrounder,0,0,1,0,0,0,0,0,0,0,0,0,0,810,113.6,33,45.1,0,1,0,0,149.2477432,26.36111111,7.204301075,1488,100,25.65517241,149.2477432,81,1139,36,31.63888889,7.204301075,26.36111111,2008,0,100000,475000,375000,612.37,13.07
84,"Pietersen, KP",0,1,0,ENG,RCB+,Batsman,1,0,0,141.2026726,0,0,634,0,6654,4184,0,6654,5,4184,86.76,7,57.1,1,0,0,1,0,0,0,634,103,42.26666667,141.2026726,30,215,7,30.71428571,7.413793103,24.85714286,2009,0,1350000,1550000,200000,447.21,14.25
85,"Pollock, SM",0,1,0,SA,MI,Allrounder,0,0,1,0,0,0,0,0,0,0,0,3781,421,3519,86.69,393,39.9,1,0,0,1,132.43,25,6.54,147,33,18.37,132.43,8,301,11,27.36,6.54,25,2008,0,200000,550000,350000,591.61,13.22
86,"Pomersbach, LA",0,1,0,AUS,KXIP+,Batsman,1,0,0,130.4812834,0,0,244,0,0,0,0,0,0,0,0,0,0,0,0,1,0,0,0,0,244,79,27.11111111,130.4812834,12,0,0,0,0,0,2011,1,20000,50000,30000,173.21,10.82
87,"Ponting, RT",0,0,1,AUS,KKR,Batsman,1,0,0,73.58,0,0,39,0,13218,13704,0,13218,5,13704,80.39,3,50,1,0,1,0,0,0,0,39,20,9.75,73.58,1,0,0,0,0,0,2008,0,335000,400000,65000,254.95,12.9
88,"Powar, RR",0,1,0,IND,KXIP+,Bowler,0,1,0,0,7.422535211,32.76923077,0,13,0,0,34,13,6,163,62.69,34,45.1,0,1,0,0,0,0,0,67,28,22.33333333,104.6875,1,527,13,40.53846154,7.422535211,32.76923077,2008,0,150000,170000,20000,141.42,12.04
89,"Raina, SK",0,1,0,IND,CSK,Batsman,1,0,0,139.3939394,0,0,2254,0,710,3525,0,710,13,3525,92.71,16,61.9,0,1,0,0,0,0,0,2254,98,33.64179104,139.3939394,97,678,20,33.9,7.047817048,28.9,2008,0,125000,650000,525000,724.57,13.38
90,"Ryder, JD",0,1,0,NZ,RCB+,Allrounder,0,0,1,0,0,0,0,0,0,0,0,1269,5,1100,89.72,11,34.8,0,0,0,1,131.8777293,29.5,7.729591837,604,86,21.57142857,131.8777293,19,303,8,37.875,7.729591837,29.5,2009,0,100000,160000,60000,244.95,11.98
91,"Saha, WP",0,1,0,IND,KKR+,Batsman,1,0,0,128.2758621,0,0,372,0,74,4,0,74,0,4,80,0,0,0,1,0,0,0,0,0,372,59,28.61538462,128.2758621,16,0,0,0,0,0,2011,1,100000,100000,0,0,11.51
92,"Sangakkara, KC",0,1,0,SL,KXIP+,Batsman,1,0,0,124.7611465,0,0,1567,0,9382,10472,0,9382,0,10472,75.75,0,0,1,0,0,1,0,0,0,1567,94,27.98214286,124.7611465,27,0,0,0,0,0,2008,0,250000,700000,450000,670.82,13.46
93,"Sarwan, RR",0,1,0,WI,KXIP,Batsman,1,0,0,97.33,0,0,73,0,5842,5644,0,5842,23,5644,75.76,16,36.3,0,0,0,1,0,0,0,73,31,18.25,97.33,1,0,0,0,0,0,2008,0,225000,225000,0,0,12.32
94,"Sehwag, V",0,1,0,IND,DD,Batsman,1,0,0,167.3196794,0,0,1879,0,8178,8090,0,8178,40,8090,104.68,95,45.4,1,1,0,0,0,0,0,1879,119,30.30645161,167.3196794,79,226,6,37.66666667,10.56074766,21.66666667,2011,1,400000,1800000,1400000,1183.22,14.4
95,Shahid Afridi,0,1,0,PAK,DC,Allrounder,0,0,1,0,0,0,0,0,0,0,0,1716,48,7040,113.87,344,43.4,1,0,0,1,176.08,20,7.5,81,33,10.12,176.08,6,225,9,25,7.5,20,2008,0,225000,675000,450000,670.82,13.42
96,"Sharma, I",1,0,0,IND,KKR+,Bowler,0,1,0,0,7.631408177,23.61111111,0,36,0,0,64,432,133,47,34.05,64,33.6,0,1,0,0,0,0,0,37,9,9.25,80.43478261,1,1176,36,32.66666667,7.631408177,23.61111111,2008,0,150000,950000,800000,894.43,13.76
97,"Sharma, J",0,1,0,IND,CSK,Allrounder,0,0,1,0,0,0,0,0,0,0,0,0,0,35,116.66,1,150,0,1,0,0,120,21.33333333,9.882075472,36,16,9,120,2,419,12,34.91666667,9.882075472,21.33333333,2008,0,100000,225000,125000,353.55,12.32
98,"Sharma, RG",0,1,0,IND,DC+,Batsman,1,0,0,129.1693918,0,0,1975,0,0,1961,0,0,0,1961,78.85,8,59.1,0,1,0,0,0,0,0,1975,109,31.34920635,129.1693918,82,408,14,29.14285714,8,21.85714286,2008,0,150000,750000,600000,774.6,13.53
99,Shoaib Akhtar,0,0,1,PAK,KKR,Bowler,0,1,0,0,7.71,8.4,0,5,0,0,247,544,178,394,73.23,247,31.4,0,0,0,1,0,0,0,2,2,2,28.57,0,54,5,10.8,7.71,8.4,2008,0,250000,425000,175000,418.33,12.96
100,Shoaib Malik,0,1,0,PAK,DD,Allrounder,0,0,1,0,0,0,0,0,0,0,0,1606,21,5253,78.37,139,47.6,1,0,0,1,110.63,25.5,10,52,24,13,110.63,0,85,2,42.5,10,25.5,2008,0,300000,500000,200000,447.21,13.12
101,"Silva, LPC",0,1,0,SL,DC,Batsman,1,0,0,153.84,0,0,40,0,537,1587,0,537,1,1587,70.4,1,42,0,0,0,1,0,0,0,40,23,20,153.84,1,21,0,0,21,0,2008,0,100000,100000,0,0,11.51
102,"Singh, RP",0,1,0,IND,DC+,Bowler,0,1,0,0,7.754098361,19.78378378,0,74,0,0,69,116,40,104,42.97,69,37.1,0,1,0,0,0,0,0,52,10,3.466666667,68.42105263,1,1892,74,25.56756757,7.754098361,19.78378378,2008,0,200000,875000,675000,821.58,13.68
103,"Smith, DR",0,1,0,WI,DC+,Allrounder,0,0,1,0,0,0,0,0,0,0,0,320,7,925,97.26,56,44.8,0,0,0,1,148.8135593,27.88888889,8.144578313,439,87,25.82352941,148.8135593,24,338,9,37.55555556,8.144578313,27.88888889,2009,0,100000,100000,0,0,11.51
104,"Smith, GC",0,1,0,SA,RR+,Batsman,1,0,0,110.6287425,0,0,739,0,8042,6598,0,8042,8,6598,81.58,18,57,1,0,0,1,0,0,0,739,91,28.42307692,110.6287425,9,0,0,0,0,0,2008,0,250000,250000,0,0,12.43
105,Sohail Tanvir,0,1,0,PAK,RR,Bowler,0,1,0,0,6.46,11.2,0,22,0,0,55,17,5,268,94.03,55,37.4,0,0,0,1,0,0,0,36,13,12,124.13,1,266,22,12.09,6.46,11.2,2008,0,100000,100000,0,0,11.51
106,"Sreesanth, S",0,1,0,IND,KXIP+,Bowler,0,1,0,0,8.248,21.42857143,0,35,0,0,75,281,87,44,36.36,75,33,0,1,0,0,0,0,0,33,15,11,64.70588235,0,1031,35,29.45714286,8.248,21.42857143,2008,0,200000,625000,425000,651.92,13.35
107,"Steyn, DW",0,1,0,SA,RCB+,Bowler,0,1,0,0,6.582534074,20.15254237,0,59,0,0,91,770,272,142,73.57,91,33.7,0,0,0,1,0,0,0,70,13,4.666666667,86.41975309,1,1304,59,22.10169492,6.582534074,20.15254237,2008,0,150000,325000,175000,418.33,12.69
108,"Styris, SB",0,0,1,NZ,DC+,Allrounder,0,0,1,0,0,0,0,0,0,0,0,1586,20,4483,79.41,137,44.6,0,0,0,1,98.4962406,27,7.666666667,131,36,18.71428571,98.4962406,3,276,8,34.5,7.666666667,27,2008,0,175000,175000,0,0,12.07
109,"Symonds, A",0,0,1,AUS,DC+,Allrounder,0,0,1,0,0,0,0,0,0,0,0,1462,24,5088,92.44,133,44.6,0,0,1,0,129.8666667,26.35,7.702857143,974,117,36.07407407,129.8666667,41,674,20,33.7,7.702857143,26.35,2008,0,250000,1350000,1100000,1048.81,14.12
110,"Taibu, T",0,1,0,ZIM,KKR,Batsman,1,0,0,119.23,0,0,31,0,1546,3393,0,1546,1,3393,67.58,2,42,1,0,0,1,0,0,0,31,15,10.33,119.23,0,0,0,0,0,0,2008,0,125000,125000,0,0,11.74
111,"Taylor, LRPL",0,1,0,NZ,RCB+,Batsman,1,0,0,130.2765648,0,0,895,0,2742,3185,0,2742,2,3185,81.77,0,0,1,0,0,1,0,0,0,895,81,27.96875,130.2765648,45,24,0,0,12,0,2008,0,400000,1000000,600000,774.6,13.82
112,"Tendulkar, SR",0,0,1,IND,MI,Batsman,1,0,0,119.219569,0,0,2047,0,15470,18426,0,15470,45,18426,86.23,154,52.2,1,1,0,0,0,0,0,2047,100,37.90740741,119.219569,24,58,0,0,9.666666667,0,2011,1,400000,1800000,1400000,1183.22,14.4
113,"Tiwary, MK",0,1,0,IND,DD+,Batsman,1,0,0,113.3333333,0,0,969,0,0,165,0,0,0,165,75.68,1,60,0,1,0,0,0,0,0,969,75,31.25806452,113.3333333,22,45,1,45,11.25,24,2008,0,100000,675000,575000,758.29,13.42
114,"Tiwary, SS",1,0,0,IND,MI+,Batsman,1,0,0,119.5994278,0,0,836,0,0,49,0,0,0,49,87.5,0,0,0,1,0,0,0,0,0,836,42,25.33333333,119.5994278,32,0,0,0,0,0,2011,1,100000,1600000,1500000,1224.74,14.29
115,"Tyagi, S",1,0,0,IND,CSK,Bowler,0,1,0,0,8.550724638,34.83333333,0,6,0,0,3,0,0,1,50,3,55,0,1,0,0,0,0,0,3,3,3,0.75,0,295,6,49.16666667,8.550724638,34.83333333,2011,1,50000,240000,190000,435.89,12.39
116,Umar Gul,0,1,0,PAK,KKR,Bowler,0,1,0,0,8.17,11.2,0,12,0,0,154,541,157,368,69.04,154,32.2,0,0,0,1,0,0,0,39,24,13,205.26,5,184,12,15.33,8.17,11.2,2008,0,150000,150000,0,0,11.92
117,"Uthappa, RV",0,1,0,IND,RCB+,Batsman,1,0,0,126.168991,0,0,1538,0,0,786,0,0,0,786,91.92,0,0,0,1,0,0,0,0,0,1538,69,26.98245614,126.168991,59,0,0,0,0,0,2008,0,200000,800000,600000,774.6,13.59
118,"Vaas, WPUJC",0,0,1,SL,DC,Bowler,0,1,0,0,7.553191489,15.66666667,0,18,0,0,400,3089,355,2025,72.52,400,39.4,0,0,0,1,0,0,0,81,20,10.125,110.9589041,3,355,18,19.72222222,7.553191489,15.66666667,2008,0,200000,200000,0,0,12.21
119,"van der Merwe, RE",0,1,0,SA,RCB+,Allrounder,0,0,1,0,0,0,0,0,0,0,0,0,0,39,95.12,17,41.4,0,0,0,1,118.1034483,20.94444444,6.832,137,35,15.22222222,118.1034483,8,427,18,23.72222222,6.832,20.94444444,2011,1,50000,50000,0,0,10.82
120,"Venugopal Rao, Y",0,1,0,IND,DC+,Batsman,1,0,0,118.240621,0,0,914,0,0,218,0,0,0,218,60.05,0,0,0,1,0,0,0,0,0,914,71,22.29268293,118.240621,37,321,6,53.5,9.441176471,34,2011,1,100000,700000,600000,774.6,13.46
121,"Vettori, DL",0,1,0,NZ,DD+,Allrounder,0,0,1,0,0,0,0,0,0,0,0,4486,359,2105,81.93,282,45.7,1,0,0,1,107.079646,27.75,6.811481769,121,29,15.125,107.079646,2,878,28,31.35714286,6.811481769,27.75,2008,0,250000,625000,375000,612.37,13.35
122,"Vinay Kumar, R",0,1,0,IND,RCB+,Bowler,0,1,0,0,8.237623762,19.86885246,0,61,0,0,28,11,1,43,43.87,28,35.3,0,1,0,0,0,0,0,217,25,9.434782609,104.8309179,5,1664,61,27.27868852,8.237623762,19.86885246,2011,1,100000,475000,375000,612.37,13.07
123,"Warne, SK",0,0,1,AUS,RR,Bowler,0,1,0,0,7.271356784,20.94736842,0,57,0,0,293,3154,708,1018,72.04,293,36.3,1,0,1,0,0,0,0,198,34,9.9,92.52336449,6,1447,57,25.38596491,7.271356784,20.94736842,2008,0,450000,450000,0,0,13.02
124,"Warner, DA",0,1,0,AUS,DD,Batsman,1,0,0,135.7615894,0,0,1025,0,483,876,0,483,2,876,85.79,0,0,0,0,1,0,0,0,0,1025,109,27.7027027,135.7615894,44,0,0,0,0,0,2011,1,200000,750000,550000,741.62,13.53
125,"White, CL",0,1,0,AUS,RCB+,Batsman,1,0,0,132.0921986,0,0,745,0,146,2037,0,146,5,2037,80.48,12,27.5,1,0,1,0,0,0,0,745,78,31.04166667,132.0921986,29,70,0,0,14,0,2008,0,100000,500000,400000,632.46,13.12
126,"Yadav, AS",0,1,0,IND,DC,Batsman,1,0,0,125.64,0,0,49,0,0,0,0,0,0,0,0,0,0,0,1,0,0,0,0,0,49,16,9.8,125.64,2,0,0,0,0,0,2010,0,50000,750000,700000,836.66,13.53
127,Younis Khan,0,1,0,PAK,RR,Batsman,1,0,0,42.85,0,0,3,0,6398,6814,0,6398,7,6814,75.78,3,86.6,1,0,0,1,0,0,0,3,3,3,42.85,0,0,0,0,0,0,2008,0,225000,225000,0,0,12.32
128,Yuvraj Singh,0,1,0,IND,KXIP+,Batsman,1,0,0,131.8763326,0,0,1237,0,1775,8051,0,1775,9,8051,87.58,109,44.3,1,1,0,0,0,0,0,1237,66,26.31914894,131.8763326,67,569,23,24.73913043,7.024691358,21.13043478,2011,1,400000,1800000,1400000,1183.22,14.4
129,Zaheer Khan,0,1,0,IND,MI+,Bowler,0,1,0,0,7.745438749,21.26153846,0,65,0,0,278,1114,288,790,73.55,278,35.4,0,1,0,0,0,0,0,99,23,9.9,91.66666667,1,1783,65,27.43076923,7.745438749,21.26153846,2008,0,200000,450000,250000,500,13.02
130,"Zoysa, DNT",0,1,0,SL,DC,Bowler,0,1,0,0,9,33,0,2,0,0,108,288,64,343,95.81,108,39.4,0,0,0,1,0,0,0,11,10,11,122.22,0,99,2,49.5,9,33,2008,0,100000,110000,10000,100,11.61
